C (GPa),dP/dh (N/m),Wp/Wt,hm (um),Er (GPa),sy (GPa)
126.9678466,201750.7955,0.728192271,0.266241098,109.63,1.121
137.9051852,203898.5387,0.714701712,0.255464745,109.63,1.121
150.736307,196472.9784,0.711110193,0.244350525,109.63,1.121
141.7433134,200443.2308,0.7324525,0.25198267,109.63,1.121
136.6044507,204841.2545,0.726317212,0.256678441,109.63,1.121
137.3979735,206948.0318,0.721046418,0.255935599,109.63,1.121
146.0571889,201650.9213,0.721964306,0.248233091,109.63,1.121
132.1395344,206140.3185,0.726345876,0.260979376,109.63,1.121
144.7529248,203594.2437,0.7231408,0.2493489,109.63,1.121
141.2236757,206872.2737,0.716347052,0.25244576,109.63,1.121
145.1474237,198212.7046,0.710148632,0.249010007,109.63,1.121
135.9979591,207852.4068,0.730852852,0.257250054,109.63,1.121
135.1384759,205918.5339,0.73541557,0.258066626,109.63,1.121
128.5424897,202655.9817,0.730372635,0.264605373,109.63,1.121
128.2353965,201043.698,0.733075866,0.264921988,109.63,1.121
134.9609962,205525.416,0.728235948,0.258236644,109.63,1.121
132.7080924,202193.7133,0.728291863,0.260419599,109.63,1.121
133.5688409,204058.1126,0.727644146,0.259579105,109.63,1.121
134.0713251,205983.1072,0.733958507,0.259091754,109.63,1.121
133.7273094,204499.6879,0.732353278,0.259424434,109.63,1.121
129.1772456,210772.6982,0.730079103,0.263953958,109.63,1.121
138.6845241,201511.5253,0.731311074,0.254746313,109.63,1.121
148.2058412,203300.6887,0.712747647,0.246427624,109.63,1.121
130.4816424,208519.266,0.730689166,0.262631434,109.63,1.121
147.1270017,197133.7205,0.72201508,0.247329552,109.63,1.121
135.8787889,205891.1451,0.734412028,0.257362638,109.63,1.121
124.7300965,201780.1678,0.734419538,0.268619088,109.63,1.121
133.8326296,208488.617,0.731714766,0.259322634,109.63,1.121
143.0121975,201652.8652,0.712829777,0.250862276,109.63,1.121
128.3746152,210605.1867,0.72801389,0.264778062,109.63,1.121
136.6284397,198512.368,0.717090234,0.256656566,109.63,1.121
131.3135865,207654.0941,0.739575683,0.2617978,109.63,1.121
145.7065443,194458.1558,0.717313538,0.24853191,109.63,1.121
145.7784803,194880.2445,0.708299731,0.24847042,109.63,1.121
130.1448112,198554.3986,0.720440221,0.262971001,109.63,1.121
157.7398914,197980.1685,0.71090849,0.238864193,109.63,1.121
140.6289416,199916.8948,0.724593444,0.252978654,109.63,1.121
135.5892559,201942.9285,0.715177489,0.257637287,109.63,1.121
134.4975361,204943.4852,0.741714253,0.258680954,109.63,1.121
128.8199636,199209.7558,0.722266567,0.264319933,109.63,1.121
131.679857,203094.3356,0.735488587,0.261433954,109.63,1.121
143.4255674,196219.2081,0.713538941,0.250500629,109.63,1.121
135.7716137,204422.3991,0.734241352,0.257464676,109.63,1.121
140.4032792,198734.6091,0.723990387,0.253181988,109.63,1.121
145.3919601,200702.2201,0.717481934,0.24880054,109.63,1.121
131.534213,198412.1388,0.725792563,0.261579329,109.63,1.121
134.4518968,198372.5957,0.717384563,0.258724158,109.63,1.121
119.7907106,212396.8073,0.754512934,0.27410077,109.63,1.121
142.7455561,199304.793,0.71626055,0.251096425,109.63,1.121
148.5453106,197262.5868,0.725887836,0.246145737,109.63,1.121
135.5617262,204594.3871,0.724333572,0.257663341,109.63,1.121
133.033793,208399.193,0.729317315,0.260100298,109.63,1.121
138.367489,201283.545,0.73008253,0.255037974,109.63,1.121
139.3858942,203048.4353,0.721505455,0.254104138,109.63,1.121
143.9927593,200764.1943,0.721019351,0.250006326,109.63,1.121
157.6772714,200020.1659,0.704288019,0.238911343,109.63,1.121
130.4880549,202629.1485,0.729995819,0.262625294,109.63,1.121
133.952927,199325.6342,0.725528842,0.259206378,109.63,1.121
150.9622845,192856.5397,0.707113583,0.2441669,109.63,1.121
147.3122813,200429.3261,0.724525117,0.247173912,109.63,1.121
136.1912088,202206.826,0.724961571,0.25706783,109.63,1.121
128.2346832,202240.7386,0.725393922,0.264922716,109.63,1.121
144.9567077,206428.9718,0.723580579,0.24917431,109.63,1.121
132.186934,205102.064,0.737496162,0.260931316,109.63,1.121
135.9175521,199506.1087,0.719054777,0.257325864,109.63,1.121
144.1951959,197265.547,0.715875748,0.249830871,109.63,1.121
151.7966466,196358.7258,0.713213794,0.243494744,109.63,1.121
137.5427129,198803.2907,0.720239243,0.255801645,109.63,1.121
131.7688344,199327.1529,0.738672018,0.261345541,109.63,1.121
139.2977797,205151.3314,0.729953192,0.254184896,109.63,1.121
138.4831897,207531.2782,0.737936216,0.254930629,109.63,1.121
127.8871729,202445.9141,0.721125192,0.26528141,109.63,1.121
137.3537687,198600.092,0.727405491,0.255976889,109.63,1.121
134.313763,205803.1857,0.738308021,0.258857197,109.63,1.121
150.2950848,194832.599,0.70856867,0.244708854,109.63,1.121
128.050988,203569.4948,0.737556078,0.265112937,109.63,1.121
118.9618196,206424.4113,0.723585189,0.275054829,109.63,1.121
134.498525,204977.6607,0.720290946,0.258679478,109.63,1.121
144.6853124,205666.6377,0.716223827,0.249407604,109.63,1.121
138.2468143,211008.1508,0.751171092,0.255149492,109.63,1.121
138.8217469,203305.2412,0.715161068,0.254620026,109.63,1.121
144.8929003,201513.3764,0.732668903,0.249229018,109.63,1.121
131.4148111,207802.0363,0.731096357,0.261697191,109.63,1.121
132.9079116,209404.9184,0.72737097,0.260223695,109.63,1.121
140.5057505,206451.8376,0.716803415,0.253089721,109.63,1.121
131.525016,205062.1772,0.724737914,0.261587388,109.63,1.121
144.1663087,199002.6465,0.717201646,0.249856186,109.63,1.121
135.9961577,203913.5545,0.735824456,0.257251471,109.63,1.121
137.3832936,202007.3402,0.724587642,0.25594952,109.63,1.121
138.1013696,203227.5041,0.72661344,0.255283278,109.63,1.121
137.0214402,203725.9337,0.724778531,0.256287726,109.63,1.121
144.8533938,203009.2246,0.723594565,0.249263127,109.63,1.121
134.5446002,208152.632,0.739541732,0.25863561,109.63,1.121
129.1945166,209073.2153,0.73354484,0.263936337,109.63,1.121
136.735929,200481.6058,0.728965435,0.256554963,109.63,1.121
132.4797796,200707.0973,0.730586191,0.260643008,109.63,1.121
138.5548562,198197.8902,0.717572203,0.254865763,109.63,1.121
101.5952358,203357.5179,0.718689982,0.297635006,109.63,1.121
116.6055622,207365.2084,0.735517105,0.277819381,109.63,1.121
142.680614,206886.4217,0.721123085,0.251153602,109.63,1.121
131.4197476,203383.7169,0.736321977,0.261692915,109.63,1.121
179.537847,200672.6042,0.696906096,0.223895049,109.63,1.121
125.6077334,210023.9674,0.744544635,0.267678737,109.63,1.121
147.7935414,207093.3628,0.730666074,0.246770938,109.63,1.121
131.3237385,204226.648,0.725846129,0.261788238,109.63,1.121
132.9440072,206770.7078,0.736028203,0.260187674,109.63,1.121
133.6269145,210193.307,0.744136061,0.25952166,109.63,1.121
142.2408127,203309.8186,0.728285115,0.25154125,109.63,1.121
142.1013274,197183.7355,0.718773746,0.25166568,109.63,1.121
117.4613651,210797.1563,0.7223787,0.276805036,109.63,1.121
138.9640605,204263.3967,0.735476619,0.254489494,109.63,1.121
136.0780795,206071.3603,0.73414051,0.257174793,109.63,1.121
133.3227923,196839.7193,0.708116974,0.259818141,109.63,1.121
151.4204041,197112.477,0.706752122,0.243797503,109.63,1.121
140.1019887,205770.2253,0.724675081,0.253454859,109.63,1.121
173.4934395,200790.3051,0.717617817,0.227762035,109.63,1.121
135.5897659,204338.7045,0.731823383,0.257637368,109.63,1.121
137.7657087,206143.0193,0.723503443,0.255594678,109.63,1.121
141.2794418,202486.862,0.721792903,0.252396009,109.63,1.121
134.2516464,202023.3669,0.727715366,0.258918094,109.63,1.121
129.1208932,206051.823,0.732380894,0.26401175,109.63,1.121
137.3741843,197526.3807,0.7199892,0.255958396,109.63,1.121
130.6572116,202914.8373,0.728188682,0.262455538,109.63,1.121
143.6178546,198360.7928,0.728373632,0.250333127,109.63,1.121
150.8485967,201091.0083,0.72363085,0.244259643,109.63,1.121
141.659364,200035.4425,0.717841232,0.252057552,109.63,1.121
133.3539018,200524.3189,0.73507453,0.259788201,109.63,1.121
142.372779,198707.718,0.724256176,0.251425279,109.63,1.121
129.4569257,206248.2083,0.733759737,0.263669507,109.63,1.121
132.0497869,196812.7913,0.729603199,0.261068105,109.63,1.121
155.3663461,194642.0883,0.715312967,0.240681997,109.63,1.121
124.9095359,208457.8497,0.741872151,0.268425536,109.63,1.121
135.8185787,204196.7781,0.73433352,0.25741965,109.63,1.121
132.0989092,211252.6277,0.729175514,0.261019291,109.63,1.121
149.7105664,204404.8224,0.724829203,0.245185826,109.63,1.121
143.4747534,202531.9752,0.73115309,0.250457003,109.63,1.121
139.6289433,197441.4551,0.713472278,0.253883494,109.63,1.121
137.9059596,203192.1705,0.730151436,0.255463755,109.63,1.121
131.0919353,205707.896,0.739037759,0.262019696,109.63,1.121
154.5248411,194118.5905,0.717353776,0.2413365,109.63,1.121
140.4216123,200783.9424,0.745932007,0.253165873,109.63,1.121
132.3608533,207431.7961,0.736504863,0.260759753,109.63,1.121
142.2414025,201230.6026,0.728944936,0.251540766,109.63,1.121
140.8518509,196338.8211,0.710647706,0.252778697,109.63,1.121
90.04616137,201750.7957,0.728192271,0.316147222,109.63,1.121
96.60305597,203898.5387,0.714701712,0.305229032,109.63,1.121
103.9322109,196472.9786,0.711110193,0.294270773,109.63,1.121
98.60902877,200443.2305,0.7324525,0.302108971,109.63,1.121
95.73674571,204841.2547,0.726317212,0.306607297,109.63,1.121
96.20164424,206948.0321,0.721046418,0.30586488,109.63,1.121
101.1728644,201650.9213,0.721964306,0.298255954,109.63,1.121
93.22399062,206140.3186,0.726345876,0.310712503,109.63,1.121
100.5031621,203594.244,0.7231408,0.299248007,109.63,1.121
98.55684805,206872.2742,0.716347052,0.302188848,109.63,1.121
100.8430653,198212.7047,0.710148632,0.298743488,109.63,1.121
95.35338058,207852.4065,0.730852852,0.307222927,109.63,1.121
94.81381011,205918.5343,0.73541557,0.30809564,109.63,1.121
91.02515924,202655.9818,0.730372635,0.314442535,109.63,1.121
90.77667967,201043.6983,0.733075866,0.314872563,109.63,1.121
94.79052619,205525.4159,0.728235948,0.308133942,109.63,1.121
93.48156718,202193.7131,0.728291863,0.310283996,109.63,1.121
94.06601907,204058.1127,0.727644146,0.309318522,109.63,1.121
94.27623494,205983.1078,0.733958507,0.308972927,109.63,1.121
93.90091617,204499.6882,0.732353278,0.309589353,109.63,1.121
91.40535319,210772.6986,0.730079103,0.313787307,109.63,1.121
96.8886807,201511.5254,0.731311074,0.304779243,109.63,1.121
102.5824263,203300.6886,0.712747647,0.296200349,109.63,1.121
92.27636248,208519.2658,0.730689166,0.312303017,109.63,1.121
101.6821802,197133.7201,0.72201508,0.297508775,109.63,1.121
95.2811632,205891.145,0.734412028,0.307339095,109.63,1.121
88.74370126,201780.1676,0.734419538,0.318459149,109.63,1.121
94.16682632,208488.6176,0.731714766,0.309152286,109.63,1.121
99.57754164,201652.865,0.712829777,0.300636148,109.63,1.121
90.98363931,210605.1869,0.72801389,0.314513958,109.63,1.121
95.91857422,198512.3677,0.717090234,0.306317336,109.63,1.121
92.54454271,207654.0941,0.739575683,0.311849762,109.63,1.121
100.9942045,194458.1556,0.717313538,0.298520018,109.63,1.121
101.0638834,194880.2445,0.708299731,0.298416898,109.63,1.121
92.11991684,198554.3983,0.720440221,0.312568005,109.63,1.121
107.8210094,197980.1685,0.71090849,0.288915022,109.63,1.121
98.02880907,199916.8949,0.724593444,0.303001213,109.63,1.121
95.28947877,201942.9284,0.715177489,0.3073257,109.63,1.121
94.39628862,204943.4849,0.741714253,0.308776442,109.63,1.121
91.28129378,199209.756,0.722266567,0.314000694,109.63,1.121
92.83082785,203094.3358,0.735488587,0.311369129,109.63,1.121
99.74316099,196219.2078,0.713538941,0.300386594,109.63,1.121
95.07912477,204422.3992,0.734241352,0.307666036,109.63,1.121
97.88424159,198734.6095,0.723990387,0.303225025,109.63,1.121
100.8889849,200702.2196,0.717481934,0.298675526,109.63,1.121
92.64119065,198412.1391,0.725792563,0.311688459,109.63,1.121
94.63703082,198372.5958,0.717384563,0.308382622,109.63,1.121
85.78509317,212396.8077,0.754512934,0.323903703,109.63,1.121
99.39997789,199304.7936,0.71626055,0.300904501,109.63,1.121
102.5302935,197262.5866,0.725887836,0.296275467,109.63,1.121
95.18642714,204594.387,0.724333572,0.30749189,109.63,1.121
93.70238601,208399.1929,0.729317315,0.309917794,109.63,1.121
96.53508437,201283.5449,0.73008253,0.305336899,109.63,1.121
97.41720264,203048.4355,0.721505455,0.303950823,109.63,1.121
99.99872715,200764.1943,0.721019351,0.300001958,109.63,1.121
107.9368068,200020.1662,0.704288019,0.288759669,109.63,1.121
92.14034201,202629.1486,0.729995819,0.31253382,109.63,1.121
94.29013281,199325.6342,0.725528842,0.30895033,109.63,1.121
104.0940062,192856.5396,0.707113583,0.29404118,109.63,1.121
101.823569,200429.326,0.724525117,0.297302082,109.63,1.121
95.56509153,202206.8259,0.724961571,0.306882857,109.63,1.121
90.91574315,202240.7386,0.725393922,0.314631648,109.63,1.121
100.5743082,206428.972,0.723580579,0.299143035,109.63,1.121
92.92696611,205102.0643,0.737496162,0.311207167,109.63,1.121
95.4698304,199506.1088,0.719054777,0.307035178,109.63,1.121
100.1924317,197265.547,0.715875748,0.299711936,109.63,1.121
104.5527759,196358.7256,0.713213794,0.293395127,109.63,1.121
96.3265962,198803.2903,0.720239243,0.305667327,109.63,1.121
92.75080008,199327.1533,0.738672018,0.311503274,109.63,1.121
97.20989443,205151.3316,0.729953192,0.304275231,109.63,1.121
96.83982532,207531.2786,0.737936216,0.304855159,109.63,1.121
90.7623514,202445.9143,0.721125192,0.314896215,109.63,1.121
96.17622304,198600.092,0.727405491,0.305905432,109.63,1.121
94.29633117,205803.1856,0.738308021,0.308939262,109.63,1.121
103.7097835,194832.599,0.70856867,0.294586071,109.63,1.121
90.64515285,203569.4946,0.737556078,0.315101228,109.63,1.121
85.39778742,206424.4113,0.723585189,0.324638307,109.63,1.121
94.65802395,204977.6606,0.720290946,0.308348628,109.63,1.121
100.5391667,205666.6378,0.716223827,0.29919496,109.63,1.121
96.20509949,211008.1501,0.751171092,0.305860383,109.63,1.121
97.16774647,203305.2409,0.715161068,0.304340847,109.63,1.121
100.340685,201513.3762,0.732668903,0.299490898,109.63,1.121
92.76566314,207802.0365,0.731096357,0.311478154,109.63,1.121
93.64941491,209404.9183,0.72737097,0.310005731,109.63,1.121
98.19913521,206451.8369,0.716803415,0.302738549,109.63,1.121
92.87748456,205062.1772,0.724737914,0.311290424,109.63,1.121
100.115238,199002.6466,0.717201646,0.299827803,109.63,1.121
95.20639592,203913.5546,0.735824456,0.307459647,109.63,1.121
96.18431101,202007.3398,0.724587642,0.305892735,109.63,1.121
96.68823597,203227.5039,0.72661344,0.305094615,109.63,1.121
95.96462667,203725.9335,0.724778531,0.30624322,109.63,1.121
100.5262951,203009.2245,0.723594565,0.299214433,109.63,1.121
94.28303365,208152.6321,0.739541732,0.308961726,109.63,1.121
91.37506156,209073.2153,0.73354484,0.313839342,109.63,1.121
95.73865194,200481.6057,0.728965435,0.306604193,109.63,1.121
93.28235708,200707.0972,0.730586191,0.310614069,109.63,1.121
96.97465916,198197.8905,0.717572203,0.304644432,109.63,1.121
74.81004713,203357.5175,0.718689982,0.346849216,109.63,1.121
83.92504125,207365.208,0.735517105,0.327473673,109.63,1.121
99.32039527,206886.4219,0.721123085,0.301025077,109.63,1.121
92.6337373,203383.717,0.736321977,0.311700634,109.63,1.121
119.8494749,200672.6043,0.696906096,0.274033986,109.63,1.121
89.21705829,210023.9674,0.744544635,0.317612887,109.63,1.121
102.1558161,207093.3624,0.730666074,0.296817971,109.63,1.121
92.8209632,204226.6482,0.725846129,0.311385736,109.63,1.121
93.48894634,206770.7078,0.736028203,0.310270845,109.63,1.121
93.90944053,210193.3072,0.744136061,0.309575051,109.63,1.121
98.92468906,203309.8188,0.728285115,0.301626142,109.63,1.121
98.99728408,197183.7353,0.718773746,0.301516734,109.63,1.121
84.59593044,210797.1565,0.7223787,0.326172073,109.63,1.121
96.87846178,204263.3968,0.735476619,0.304794755,109.63,1.121
95.40353428,206071.36,0.73414051,0.307142739,109.63,1.121
93.9348996,196839.7191,0.708116974,0.309533874,109.63,1.121
104.280738,197112.4767,0.706752122,0.293778092,109.63,1.121
97.79877643,205770.2247,0.724675081,0.303358425,109.63,1.121
116.3675478,200790.3054,0.717617817,0.2781038,109.63,1.121
95.06932172,204338.7046,0.731823383,0.307682016,109.63,1.121
96.44533373,206143.019,0.723503443,0.305479283,109.63,1.121
98.35999425,202486.8621,0.721792903,0.302491184,109.63,1.121
94.36981269,202023.3667,0.727715366,0.308820175,109.63,1.121
91.42626032,206051.823,0.732380894,0.313751665,109.63,1.121
96.24171738,197526.3809,0.7199892,0.305801958,109.63,1.121
92.20719988,202914.8372,0.728188682,0.312420855,109.63,1.121
99.65526866,198360.7927,0.728373632,0.300519328,109.63,1.121
103.8452837,201091.0081,0.72363085,0.294394008,109.63,1.121
98.73258669,200035.4423,0.717841232,0.301920152,109.63,1.121
93.80563639,200524.3191,0.73507453,0.309747506,109.63,1.121
99.07147601,198707.7182,0.724256176,0.301403371,109.63,1.121
91.65003677,206248.2081,0.733759737,0.313369143,109.63,1.121
93.00761323,196812.7914,0.729603199,0.311073789,109.63,1.121
106.2589228,194642.0882,0.715312967,0.291031084,109.63,1.121
88.777475,208457.8494,0.741872151,0.318397927,109.63,1.121
95.12830978,204196.7782,0.73433352,0.307585881,109.63,1.121
93.10865358,211252.628,0.729175514,0.310904636,109.63,1.121
103.1486452,204404.8226,0.724829203,0.295385942,109.63,1.121
99.5812928,202531.9754,0.73115309,0.30062981,109.63,1.121
97.63332116,197441.4551,0.713472278,0.303614955,109.63,1.121
96.49642342,203192.1704,0.730151436,0.305397305,109.63,1.121
92.49111607,205707.896,0.739037759,0.31194061,109.63,1.121
105.9257534,194118.5906,0.717353776,0.291488471,109.63,1.121
97.46734075,200783.9423,0.745932007,0.303873326,109.63,1.121
93.22775534,207431.7958,0.736504863,0.310704631,109.63,1.121
98.92357933,201230.6026,0.728944936,0.301627879,109.63,1.121
98.36787367,196338.8209,0.710647706,0.302478916,109.63,1.121
124.9133434,187462.6192,0.699423449,0.268421299,109.63,1.168
152.00798,191673.9727,0.703522348,0.24332584,109.63,1.168
144.8855068,196953.1755,0.702757991,0.249234952,109.63,1.168
141.4934101,194495.7642,0.710697475,0.252204889,109.63,1.168
146.4998148,191659.752,0.718834058,0.247858115,109.63,1.168
140.358297,196177.1273,0.723092637,0.253222896,109.63,1.168
137.3021434,198393.913,0.724325927,0.256025905,109.63,1.168
141.0228624,192264.3064,0.705910456,0.252625553,109.63,1.168
134.9102133,194843.1147,0.724574489,0.258284763,109.63,1.168
147.1985109,188882.7669,0.711637742,0.247269193,109.63,1.168
148.6191678,194141.4042,0.716325373,0.246084658,109.63,1.168
129.6800542,198318.5159,0.723304878,0.263442494,109.63,1.168
139.3341551,193835.333,0.705358035,0.254151195,109.63,1.168
115.8255178,193521.4636,0.705252204,0.278752909,109.63,1.168
139.1907915,197212.161,0.729015497,0.254282223,109.63,1.168
119.2543899,199391.9368,0.726793418,0.274715956,109.63,1.168
133.9509166,193647.8691,0.722228414,0.259208273,109.63,1.168
137.2411423,196556.8366,0.731822215,0.256081931,109.63,1.168
137.6647142,197496.8904,0.726467903,0.255687746,109.63,1.168
140.9836736,193420.6684,0.716838572,0.252660631,109.63,1.168
136.9504762,195728.7774,0.723544115,0.256354328,109.63,1.168
132.4047807,192126.6328,0.716665405,0.260717187,109.63,1.168
134.5188796,198006.124,0.721266765,0.258660277,109.63,1.168
153.1276243,189301.1414,0.718879322,0.242435044,109.63,1.168
119.1363404,200129.4671,0.720248923,0.274852293,109.63,1.168
146.9654904,190314.4447,0.712668738,0.247465215,109.63,1.168
144.2471,190984.234,0.713468948,0.249786194,109.63,1.168
132.9015382,195185.2414,0.72520276,0.26023029,109.63,1.168
145.3699968,193435.3656,0.715611198,0.248819478,109.63,1.168
138.4681969,195207.2066,0.723824061,0.25494508,109.63,1.168
122.9293145,206909.3138,0.740425758,0.27057858,109.63,1.168
139.2634052,194871.9991,0.715619069,0.25421551,109.63,1.168
137.49124,193897.8864,0.713440015,0.255849492,109.63,1.168
124.2503511,197783.8482,0.719473052,0.269136485,109.63,1.168
142.8921081,192926.1203,0.719376163,0.250967686,109.63,1.168
137.1852104,194116.634,0.716119875,0.256134527,109.63,1.168
137.5066792,195791.1109,0.713620602,0.255835515,109.63,1.168
138.0241184,193530.8609,0.710498329,0.25535514,109.63,1.168
141.8791321,193422.7523,0.722750909,0.251861847,109.63,1.168
136.7408203,196782.9733,0.721944782,0.256550311,109.63,1.168
134.0369962,192873.1762,0.711088858,0.259124932,109.63,1.168
125.6998771,198048.4413,0.74496645,0.267580034,109.63,1.168
135.466161,196624.509,0.717208044,0.257754733,109.63,1.168
144.4077876,194937.6204,0.707818713,0.249647258,109.63,1.168
135.3097899,188777.781,0.709592111,0.257903579,109.63,1.168
130.7756514,191791.881,0.727040281,0.262335609,109.63,1.168
129.4428378,201183.3488,0.724423777,0.263683565,109.63,1.168
145.1280655,188577.5953,0.714341595,0.249027027,109.63,1.168
138.7652436,197626.9894,0.713167774,0.254671604,109.63,1.168
137.7013095,189793.522,0.711443142,0.255653751,109.63,1.168
136.92757,199646.5821,0.730971716,0.256374887,109.63,1.168
131.9122492,207237.6791,0.726388178,0.261204127,109.63,1.168
141.3019357,198638.761,0.712143451,0.252375394,109.63,1.168
142.6554181,192460.8396,0.716844031,0.25117533,109.63,1.168
153.816655,192424.0044,0.706145568,0.241891568,109.63,1.168
127.4675435,199196.1456,0.736700746,0.26571847,109.63,1.168
142.1649221,198664.3855,0.718984329,0.251608335,109.63,1.168
148.1893192,192092.5543,0.705149976,0.246441207,109.63,1.168
131.5674053,197437.8535,0.724486862,0.261546355,109.63,1.168
134.7777422,197947.7592,0.736624352,0.258412188,109.63,1.168
132.6238284,195517.0796,0.709768763,0.260501539,109.63,1.168
138.9570625,196014.7405,0.726540728,0.254496291,109.63,1.168
143.8355472,201308.8442,0.713142007,0.250143085,109.63,1.168
147.9374296,192613.5297,0.713237374,0.246650896,109.63,1.168
136.481979,193801.5648,0.727152393,0.256793604,109.63,1.168
142.9581849,198023.7655,0.708680154,0.250909687,109.63,1.168
127.4349903,192174.4901,0.717107616,0.26575307,109.63,1.168
135.3033458,197029.2363,0.719212562,0.257909456,109.63,1.168
143.479695,195447.4728,0.713436729,0.25045266,109.63,1.168
136.4415042,201398.9,0.722877861,0.256831619,109.63,1.168
137.2876027,195301.4025,0.717230258,0.256039134,109.63,1.168
139.41427,204971.8313,0.725159867,0.254079049,109.63,1.168
145.8186046,199169.02,0.711452566,0.248436253,109.63,1.168
136.6156042,198591.8002,0.724525364,0.256667712,109.63,1.168
135.4241608,195112.4795,0.720477639,0.257794031,109.63,1.168
142.5521747,198675.89,0.70738482,0.251266251,109.63,1.168
125.3489716,196983.7882,0.701079497,0.267955035,109.63,1.168
138.3467819,193596.0299,0.723310679,0.25505644,109.63,1.168
131.7624505,198056.1202,0.71938626,0.261352157,109.63,1.168
135.6293995,194641.6379,0.709826944,0.257599555,109.63,1.168
146.8256026,195220.5989,0.722180161,0.247582683,109.63,1.168
148.0404366,195189.6095,0.720761743,0.246565244,109.63,1.168
139.4340262,195365.4376,0.714892967,0.254060691,109.63,1.168
126.1194202,207014.6466,0.739738113,0.267135175,109.63,1.168
143.374731,198520.4501,0.714302855,0.250544867,109.63,1.168
135.4808689,198502.7834,0.729187869,0.257740576,109.63,1.168
135.6328716,194225.3165,0.714963962,0.257596512,109.63,1.168
145.8276671,200040.4758,0.724308338,0.248428918,109.63,1.168
99.25094376,194664.9164,0.71787182,0.301130898,109.63,1.168
144.7644657,191989.0165,0.702492948,0.249339638,109.63,1.168
148.678916,195922.3629,0.718353196,0.246035011,109.63,1.168
145.1387486,197384.715,0.708062395,0.24901759,109.63,1.168
140.876972,202018.3345,0.714219994,0.25275628,109.63,1.168
107.1136215,203804.7386,0.727012984,0.289867606,109.63,1.168
138.9828404,195082.4202,0.714840822,0.254471907,109.63,1.168
146.0467449,192424.1344,0.703515504,0.248242497,109.63,1.168
149.1232621,195556.5483,0.716007774,0.245667873,109.63,1.168
126.8979212,203191.1846,0.724237289,0.26631392,109.63,1.168
144.9452264,195740.5336,0.71944051,0.249183745,109.63,1.168
115.8144344,189934.0218,0.709116069,0.278766669,109.63,1.168
135.6149774,194729.1584,0.714400004,0.257613328,109.63,1.168
148.2981616,193488.0265,0.717831199,0.246349955,109.63,1.168
138.9662896,198547.4641,0.714078995,0.254488115,109.63,1.168
149.5992014,195199.3622,0.705094601,0.245276986,109.63,1.168
136.9435428,195420.0743,0.725254976,0.256360911,109.63,1.168
104.8139793,188623.9544,0.697845033,0.293030093,109.63,1.168
120.365349,203765.2875,0.737909638,0.273445127,109.63,1.168
136.4860201,197553.6955,0.717658896,0.256790111,109.63,1.168
137.0656258,197333.0132,0.711071915,0.256246591,109.63,1.168
146.821663,194947.883,0.721392153,0.24758672,109.63,1.168
137.2949589,206244.8902,0.73049358,0.256032647,109.63,1.168
138.9154695,200473.3582,0.730790662,0.254534917,109.63,1.168
150.6430731,188590.6369,0.714916361,0.244425609,109.63,1.168
137.1703806,191330.6851,0.726021801,0.256148699,109.63,1.168
136.2610039,193943.9633,0.722753237,0.257002054,109.63,1.168
139.8655148,194629.5637,0.719420814,0.253668702,109.63,1.168
136.1060073,195988.5694,0.722822647,0.257148001,109.63,1.168
137.4462331,193804.3044,0.718557716,0.25589074,109.63,1.168
140.1931352,196410.6252,0.728880795,0.253371682,109.63,1.168
150.5349916,199845.2194,0.712587409,0.244513688,109.63,1.168
136.8726684,197359.4359,0.715004295,0.256426807,109.63,1.168
144.1519419,193728.186,0.700823333,0.24986892,109.63,1.168
143.9818058,198341.6209,0.721318431,0.250015817,109.63,1.168
136.0413088,191662.9512,0.715339895,0.257209015,109.63,1.168
133.1818503,197903.863,0.7346675,0.259955754,109.63,1.168
138.2233476,193656.8063,0.709001964,0.255170728,109.63,1.168
140.2218341,194885.2712,0.722906576,0.253345863,109.63,1.168
138.9223405,193891.6184,0.715198985,0.254527885,109.63,1.168
144.3204176,194667.8973,0.721246666,0.249722457,109.63,1.168
132.5962017,195993.2762,0.712800325,0.260529229,109.63,1.168
138.6174794,193318.568,0.703565742,0.254807655,109.63,1.168
134.8886998,194071.7795,0.712267115,0.258306015,109.63,1.168
139.7873466,191802.1234,0.711513347,0.253739391,109.63,1.168
129.7701836,203270.5007,0.73965023,0.263350717,109.63,1.168
131.2206444,198020.2462,0.726401267,0.261890978,109.63,1.168
148.3309851,192896.4344,0.707813265,0.246323033,109.63,1.168
139.8509367,195289.4032,0.711699676,0.253681637,109.63,1.168
137.521067,189692.3756,0.700146935,0.255821741,109.63,1.168
149.7871004,193056.9693,0.709170635,0.245122665,109.63,1.168
132.6915318,198853.5897,0.717189064,0.260435209,109.63,1.168
118.3322342,203728.2098,0.740068177,0.27578432,109.63,1.168
130.4504379,195414.3658,0.721438123,0.262663106,109.63,1.168
137.3044534,197907.1732,0.719666276,0.256022989,109.63,1.168
147.3014699,198538.2463,0.721326784,0.247182722,109.63,1.168
88.99932044,187462.6191,0.699423449,0.318000677,109.63,1.168
104.6990623,191673.9726,0.703522348,0.293190591,109.63,1.168
100.5692418,196953.1754,0.702757991,0.299149878,109.63,1.168
98.55604988,194495.7642,0.710697475,0.302189913,109.63,1.168
101.3234457,191659.7522,0.718834058,0.298034613,109.63,1.168
97.8523267,196177.1273,0.723092637,0.303274878,109.63,1.168
96.11891153,198393.9131,0.724325927,0.305997689,109.63,1.168
98.48583513,192264.3063,0.705910456,0.302297917,109.63,1.168
94.75321749,194843.1153,0.724574489,0.308194027,109.63,1.168
101.737124,188882.7667,0.711637742,0.297428096,109.63,1.168
102.6361067,194141.404,0.716325373,0.296122813,109.63,1.168
91.77104723,198318.516,0.723304878,0.313162374,109.63,1.168
97.37617325,193835.333,0.705358035,0.30401471,109.63,1.168
83.6536911,193521.4634,0.705252204,0.328003878,109.63,1.168
97.11465487,197212.1609,0.729015497,0.304423984,109.63,1.168
85.55260568,199391.9368,0.726793418,0.324342942,109.63,1.168
94.08098639,193647.8691,0.722228414,0.309293485,109.63,1.168
95.93649407,196556.8364,0.731822215,0.306287432,109.63,1.168
96.33194673,197496.8905,0.726467903,0.30565821,109.63,1.168
98.3188157,193420.6685,0.716838572,0.302554537,109.63,1.168
95.92605762,195728.7777,0.723544115,0.306305031,109.63,1.168
93.40310778,192126.6328,0.716665405,0.310413665,109.63,1.168
94.52998265,198006.1242,0.721266765,0.308557829,109.63,1.168
104.953861,189301.1413,0.718879322,0.292834985,109.63,1.168
85.50351353,200129.4672,0.720248923,0.324436354,109.63,1.168
101.6239041,190314.4446,0.712668738,0.297593819,109.63,1.168
100.2167654,190984.2344,0.713468948,0.299675877,109.63,1.168
93.52920492,195185.2417,0.72520276,0.31020531,109.63,1.168
100.7552285,193435.3657,0.715611198,0.298873885,109.63,1.168
96.74737698,195207.2069,0.723824061,0.305001555,109.63,1.168
87.61929603,206909.3142,0.740425758,0.320495004,109.63,1.168
97.29775864,194871.9989,0.715619069,0.304136912,109.63,1.168
96.31029582,193897.8863,0.713440015,0.305693156,109.63,1.168
88.57740704,197783.848,0.719473052,0.31875713,109.63,1.168
99.23023572,192926.1204,0.719376163,0.301161822,109.63,1.168
96.14352748,194116.6336,0.716119875,0.305957952,109.63,1.168
96.23954576,195791.1108,0.713620602,0.305805962,109.63,1.168
96.75221189,193530.8606,0.710498329,0.304994245,109.63,1.168
98.7287458,193422.7523,0.722750909,0.301925528,109.63,1.168
95.74799812,196782.9733,0.721944782,0.306589153,109.63,1.168
94.39331588,192873.1759,0.711088858,0.308781251,109.63,1.168
89.10241374,198048.4413,0.74496645,0.317816467,109.63,1.168
95.08910064,196624.5088,0.717208044,0.307649838,109.63,1.168
100.272327,194937.62,0.707818713,0.29959293,109.63,1.168
95.01840724,188777.7808,0.709592111,0.307764204,109.63,1.168
92.20349343,191791.8809,0.727040281,0.31242588,109.63,1.168
91.65254254,201183.3485,0.724423777,0.313364515,109.63,1.168
100.679172,188577.5953,0.714341595,0.298987044,109.63,1.168
97.16817028,197626.9893,0.713167774,0.304339878,109.63,1.168
96.46116214,189793.5217,0.711443142,0.305453397,109.63,1.168
95.80384711,199646.5822,0.730971716,0.306499279,109.63,1.168
92.9896586,207237.6783,0.726388178,0.311103767,109.63,1.168
98.54501208,198638.7609,0.712143451,0.302206459,109.63,1.168
99.23973475,192460.8395,0.716844031,0.301146846,109.63,1.168
105.8184758,192424.0045,0.706145568,0.291636354,109.63,1.168
90.33607444,199196.1458,0.736700746,0.315639207,109.63,1.168
98.90123544,198664.3858,0.718984329,0.30166185,109.63,1.168
102.4999011,192092.5542,0.705149976,0.296319379,109.63,1.168
92.73088568,197437.8534,0.724486862,0.31153771,109.63,1.168
94.43850146,197947.759,0.736624352,0.308707754,109.63,1.168
93.53044821,195517.0797,0.709768763,0.310201981,109.63,1.168
96.96598362,196014.7405,0.726540728,0.304657635,109.63,1.168
99.98402244,201308.8445,0.713142007,0.300024219,109.63,1.168
102.1150374,192613.5297,0.713237374,0.296877224,109.63,1.168
95.59545353,193801.5651,0.727152393,0.306833828,109.63,1.168
99.61748638,198023.7655,0.708680154,0.300575896,109.63,1.168
90.46851985,192174.4905,0.717107616,0.315408864,109.63,1.168
95.12770919,197029.2358,0.719212562,0.307587027,109.63,1.168
99.74295538,195447.4729,0.713436729,0.300386046,109.63,1.168
95.61469337,201398.9001,0.722877861,0.306802872,109.63,1.168
96.14630827,195301.4025,0.717230258,0.305953695,109.63,1.168
97.44805894,204971.8314,0.725159867,0.30390362,109.63,1.168
101.3024598,199169.0197,0.711452566,0.298065317,109.63,1.168
95.65449792,198591.7999,0.724525364,0.306738786,109.63,1.168
95.13186802,195112.4798,0.720477639,0.307579879,109.63,1.168
99.25431613,198675.8902,0.70738482,0.301124701,109.63,1.168
89.40078542,196983.788,0.701079497,0.317286535,109.63,1.168
96.65032869,193596.0298,0.723310679,0.305154063,109.63,1.168
93.03058185,198056.1201,0.71938626,0.311034849,109.63,1.168
95.27463229,194641.6379,0.709826944,0.30735012,109.63,1.168
101.4128429,195220.599,0.722180161,0.297902867,109.63,1.168
102.2019906,195189.6098,0.720761743,0.296751115,109.63,1.168
97.38265141,195365.4374,0.714892967,0.304005235,109.63,1.168
89.53369331,207014.6465,0.739738113,0.317050769,109.63,1.168
99.85909506,198520.45,0.714302855,0.30021197,109.63,1.168
94.98523545,198502.7834,0.729187869,0.307817799,109.63,1.168
95.18918448,194225.3166,0.714963962,0.307488341,109.63,1.168
101.0043569,200040.4756,0.724308338,0.298505308,109.63,1.168
73.42506631,194664.9166,0.71787182,0.350106738,109.63,1.168
100.5368726,191989.0164,0.702492948,0.299198647,109.63,1.168
102.5446402,195922.3628,0.718353196,0.296254614,109.63,1.168
100.7316479,197384.7147,0.708062395,0.298908829,109.63,1.168
98.29970843,202018.3345,0.714219994,0.302583919,109.63,1.168
78.26178809,203804.7388,0.727012984,0.339115118,109.63,1.168
97.17901898,195082.4203,0.714840822,0.304322583,109.63,1.168
101.312363,192424.1345,0.703515504,0.298051183,109.63,1.168
102.853527,195556.5482,0.716007774,0.295809058,109.63,1.168
90.11481898,203191.1848,0.724237289,0.316026145,109.63,1.168
100.3938767,195740.5337,0.71944051,0.299411209,109.63,1.168
83.50047519,189934.0218,0.709116069,0.328305167,109.63,1.168
95.22821518,194729.1585,0.714400004,0.307425107,109.63,1.168
102.2469243,193488.0265,0.717831199,0.296684765,109.63,1.168
97.18507924,198547.4639,0.714078995,0.304314355,109.63,1.168
103.1574474,195199.3622,0.705094601,0.295373238,109.63,1.168
95.91242488,195420.0744,0.725254976,0.30632691,109.63,1.168
76.96085406,188623.9544,0.697845033,0.341969118,109.63,1.168
86.10692739,203765.2877,0.737909638,0.323297154,109.63,1.168
95.61359994,197553.6954,0.717658896,0.306805079,109.63,1.168
96.1749581,197333.0131,0.711071915,0.305908378,109.63,1.168
101.6106591,194947.8831,0.721392153,0.297613606,109.63,1.168
96.06734245,206244.8904,0.73049358,0.306079859,109.63,1.168
96.95765519,200473.358,0.730790662,0.304671353,109.63,1.168
103.6008542,188590.6364,0.714916361,0.294740367,109.63,1.168
95.96171541,191330.6851,0.726021801,0.306248045,109.63,1.168
95.52590927,193943.9631,0.722753237,0.306945872,109.63,1.168
97.60975233,194629.5637,0.719420814,0.303651622,109.63,1.168
95.49264718,195988.5693,0.722822647,0.30699891,109.63,1.168
96.12578172,193804.3042,0.718557716,0.305985642,109.63,1.168
97.67130005,196410.6252,0.728880795,0.3035554,109.63,1.168
103.8111449,199845.2193,0.712587409,0.294442108,109.63,1.168
95.89339789,197359.4361,0.715004295,0.306356738,109.63,1.168
100.3322919,193728.1863,0.700823333,0.299503652,109.63,1.168
99.9069268,198341.6207,0.721318431,0.300139734,109.63,1.168
95.43298213,191662.9512,0.715339895,0.307094713,109.63,1.168
93.66378601,197903.863,0.7346675,0.309981733,109.63,1.168
96.83948287,193656.8064,0.709001964,0.304856406,109.63,1.168
97.71918232,194885.2712,0.722906576,0.303481153,109.63,1.168
97.15223979,193891.6184,0.715198985,0.304365207,109.63,1.168
100.1967401,194667.8976,0.721246666,0.299705485,109.63,1.168
93.52167593,195993.2759,0.712800325,0.310217187,109.63,1.168
96.98751557,193318.5682,0.703565742,0.304623605,109.63,1.168
94.93193374,194071.7794,0.712267115,0.307904573,109.63,1.168
97.63087563,191802.1235,0.711513347,0.303618501,109.63,1.168
91.64315539,203270.5008,0.73965023,0.313380484,109.63,1.168
92.67330545,198020.2458,0.726401267,0.311633612,109.63,1.168
102.4530656,192896.4345,0.707813265,0.296386546,109.63,1.168
97.79669564,195289.4035,0.711699676,0.303360918,109.63,1.168
96.40585137,189692.3755,0.700146935,0.305541615,109.63,1.168
103.3086355,193056.9696,0.709170635,0.295156508,109.63,1.168
93.52872585,198853.5892,0.717189064,0.310204999,109.63,1.168
85.00737898,203728.2096,0.740068177,0.32538145,109.63,1.168
92.22330056,195414.366,0.721438123,0.31239316,109.63,1.168
96.13581509,197907.1731,0.719666276,0.305969875,109.63,1.168
101.7252866,198538.2467,0.721326784,0.297445354,109.63,1.168
147.3926492,195791.661,0.720761824,0.247106138,109.63,1.102
141.899818,196543.4841,0.729032424,0.251843526,109.63,1.102
141.3049361,200371.9326,0.716449162,0.25237374,109.63,1.102
126.9593772,196805.4692,0.715227156,0.266249772,109.63,1.102
134.3143112,198688.7911,0.726966828,0.25885742,109.63,1.102
130.3792458,201951.9463,0.733445313,0.262734327,109.63,1.102
155.6511551,199372.2585,0.704424845,0.240461139,109.63,1.102
134.6938286,204519.6113,0.752296434,0.258492549,109.63,1.102
119.158838,198639.6974,0.733328738,0.274826441,109.63,1.102
146.6024039,198904.4451,0.722108314,0.247771039,109.63,1.102
139.0847959,196511.5559,0.7241777,0.254379567,109.63,1.102
137.145687,196377.9277,0.716757495,0.256171702,109.63,1.102
152.5565463,200234.9046,0.72380776,0.242888396,109.63,1.102
147.5384162,198501.0845,0.710202416,0.246984493,109.63,1.102
139.3734908,202206.2795,0.719485816,0.254115607,109.63,1.102
142.8578343,199534.2439,0.713624238,0.250997615,109.63,1.102
143.7713954,197714.4052,0.704537467,0.250199208,109.63,1.102
144.6023609,197844.323,0.713695008,0.249478989,109.63,1.102
154.0429877,203522.4592,0.726800491,0.241713843,109.63,1.102
142.7565763,199249.9168,0.725312721,0.251086321,109.63,1.102
146.1937963,197616.4131,0.714043507,0.248117462,109.63,1.102
143.7889238,196471.1543,0.722364616,0.250183839,109.63,1.102
141.5890046,201043.0467,0.717556286,0.252119883,109.63,1.102
140.3537583,197164.6768,0.70725688,0.253227093,109.63,1.102
153.3275735,199771.4974,0.72743687,0.242276457,109.63,1.102
129.8933518,209742.1871,0.744301768,0.263225503,109.63,1.102
149.2108395,193947.5437,0.707658843,0.245596253,109.63,1.102
130.7941088,200352.2268,0.731639619,0.262318199,109.63,1.102
149.3166528,194158.7454,0.715216986,0.245509255,109.63,1.102
147.0868803,197807.2549,0.712679773,0.247362631,109.63,1.102
139.7272684,203164.9217,0.733085915,0.253794208,109.63,1.102
149.1922802,194326.2747,0.704003411,0.245611712,109.63,1.102
110.122627,201578.7193,0.725034134,0.285879782,109.63,1.102
145.5082458,199971.8296,0.722514768,0.248701061,109.63,1.102
127.9298703,200831.268,0.728597429,0.265237987,109.63,1.102
136.1511565,200443.1782,0.711415971,0.257105213,109.63,1.102
143.215683,198788.612,0.706970338,0.250684224,109.63,1.102
150.7039651,194006.6397,0.716758579,0.244376219,109.63,1.102
160.23077,193058.0958,0.709193316,0.237000347,109.63,1.102
141.4399371,202906.291,0.728702421,0.252252798,109.63,1.102
112.528231,203616.0408,0.719634731,0.28280701,109.63,1.102
163.3295282,196338.7016,0.705386538,0.234741113,109.63,1.102
142.9524298,204367.1444,0.731921453,0.250914668,109.63,1.102
125.9682094,207875.1283,0.74248089,0.267294842,109.63,1.102
126.9071816,204730.6587,0.742387816,0.266304683,109.63,1.102
141.0072411,202383.737,0.72481476,0.252639515,109.63,1.102
133.2990818,196500.3083,0.71732989,0.25984159,109.63,1.102
150.0303308,196465.6561,0.710606309,0.244924402,109.63,1.102
139.4047056,200319.9012,0.731600178,0.254087961,109.63,1.102
138.0387297,195007.1563,0.720972866,0.255341822,109.63,1.102
140.1936916,199609.6774,0.716252318,0.253371472,109.63,1.102
148.6995969,201814.8828,0.726938264,0.246017916,109.63,1.102
159.1724717,200136.5035,0.712099995,0.237786505,109.63,1.102
146.9239311,202675.1884,0.728875527,0.247500894,109.63,1.102
146.0102414,199859.1178,0.723960645,0.248273358,109.63,1.102
148.9060712,199295.8479,0.724731327,0.245846995,109.63,1.102
152.4109021,197445.3449,0.720154722,0.243004199,109.63,1.102
139.2032238,204923.4718,0.738276705,0.25427101,109.63,1.102
147.6972327,198197.9585,0.708491196,0.246851272,109.63,1.102
122.1801511,203439.4475,0.731857311,0.27140709,109.63,1.102
134.1102173,204491.3478,0.728307472,0.259053924,109.63,1.102
139.4888461,196041.9314,0.730260135,0.254010839,109.63,1.102
132.6887234,196933.0067,0.711748874,0.260438164,109.63,1.102
151.3376815,194075.2629,0.713290813,0.243864396,109.63,1.102
139.4950848,204876.8805,0.722652506,0.25400499,109.63,1.102
150.079827,199769.9613,0.715411882,0.244884269,109.63,1.102
133.5132858,200408.1197,0.723602829,0.259632333,109.63,1.102
138.8793189,196550.6921,0.717323436,0.25456736,109.63,1.102
147.4715545,194865.548,0.715288513,0.247039976,109.63,1.102
134.6543369,197506.6489,0.731604882,0.258530696,109.63,1.102
145.7253375,198379.9655,0.708990527,0.248515631,109.63,1.102
154.6698976,201638.9902,0.719046422,0.241223196,109.63,1.102
135.5389698,197140.2344,0.722603256,0.257685137,109.63,1.102
143.7405751,200636.9999,0.725111957,0.250226046,109.63,1.102
137.2339971,196751.2305,0.722950849,0.256088354,109.63,1.102
159.1694323,200530.245,0.716155796,0.237789089,109.63,1.102
138.7080453,201891.894,0.72413985,0.254724531,109.63,1.102
155.8346766,193993.151,0.710633045,0.240319918,109.63,1.102
149.7600272,199155.9895,0.720019308,0.245145144,109.63,1.102
156.0422846,202759.244,0.71884785,0.240160234,109.63,1.102
123.6210241,211212.7208,0.752763377,0.269820774,109.63,1.102
128.3787171,209998.5252,0.744767112,0.264773748,109.63,1.102
151.6280115,194101.2931,0.702855399,0.243630765,109.63,1.102
136.7208367,197969.8425,0.713470588,0.256568826,109.63,1.102
132.0076437,197782.4194,0.72683287,0.261109382,109.63,1.102
141.9745374,205215.9362,0.723072776,0.251777337,109.63,1.102
143.8933795,197491.0631,0.715593222,0.250092947,109.63,1.102
138.3707052,199603.4601,0.733531833,0.255034776,109.63,1.102
141.313419,204968.5548,0.735670795,0.252365002,109.63,1.102
140.4489659,198571.5271,0.724546679,0.253140822,109.63,1.102
129.6504994,201157.9521,0.724525151,0.263472313,109.63,1.102
143.140514,198959.1,0.729866343,0.250749263,109.63,1.102
136.546574,202765.757,0.733495139,0.256732477,109.63,1.102
148.3978375,193917.6756,0.714325285,0.246268237,109.63,1.102
138.0718925,197716.9955,0.712542041,0.255310746,109.63,1.102
146.6550535,196487.6098,0.712853709,0.247727019,109.63,1.102
134.1511504,201051.9029,0.718428609,0.259014571,109.63,1.102
138.1380098,201877.0364,0.717721829,0.255249144,109.63,1.102
146.8988482,198768.0915,0.723420798,0.247521206,109.63,1.102
142.3267719,192361.1438,0.718870979,0.251465658,109.63,1.102
144.4513537,194676.1055,0.715385733,0.249608829,109.63,1.102
140.4693442,197172.2978,0.720412246,0.253122871,109.63,1.102
141.6637582,195546.4874,0.716772811,0.252053286,109.63,1.102
149.2161006,195724.8809,0.709576803,0.245591914,109.63,1.102
140.6734707,205122.5446,0.72519619,0.252938895,109.63,1.102
169.6832098,194156.7324,0.705079317,0.230304295,109.63,1.102
142.0276753,198225.8303,0.719305866,0.251730603,109.63,1.102
134.8376764,197141.4127,0.712911989,0.258354634,109.63,1.102
149.9439982,194299.1713,0.715041808,0.244995409,109.63,1.102
138.407601,195251.6983,0.704971656,0.255001214,109.63,1.102
129.342958,201015.5958,0.729652258,0.263784976,109.63,1.102
134.8523457,202292.1749,0.718852643,0.258340477,109.63,1.102
140.5106459,196474.3834,0.723418661,0.253085871,109.63,1.102
153.032867,196052.0844,0.703767088,0.24250898,109.63,1.102
135.6541595,196368.6418,0.708779775,0.257576094,109.63,1.102
141.664289,203441.2214,0.734679549,0.25205281,109.63,1.102
145.3664601,195488.3182,0.732052589,0.248822796,109.63,1.102
136.8228785,203290.7636,0.731139805,0.256473352,109.63,1.102
142.4935653,195354.5837,0.70648057,0.251318127,109.63,1.102
152.0026452,204540.457,0.728440655,0.243330344,109.63,1.102
133.9228857,200653.2553,0.729180269,0.259235247,109.63,1.102
136.8495025,199962.3273,0.72898025,0.256448481,109.63,1.102
149.1764596,194858.3157,0.712308781,0.245624644,109.63,1.102
139.1490876,200090.4179,0.719912674,0.254320839,109.63,1.102
148.8712263,199203.5167,0.714295641,0.245876124,109.63,1.102
133.4366515,204849.2505,0.722957059,0.259707247,109.63,1.102
140.0304613,198045.8696,0.725645542,0.253519,109.63,1.102
140.3187497,199956.7186,0.722630414,0.253258612,109.63,1.102
149.2373418,194534.6291,0.704444983,0.245574362,109.63,1.102
138.6714748,195476.2177,0.728093976,0.254758471,109.63,1.102
145.8122172,198100.1368,0.722248532,0.248441641,109.63,1.102
146.4343094,205599.5577,0.717002392,0.247913747,109.63,1.102
136.6973516,197879.6302,0.715546397,0.256591407,109.63,1.102
138.6275189,201982.1143,0.715236981,0.254798806,109.63,1.102
144.0595802,196165.7169,0.718656336,0.249948314,109.63,1.102
134.9042155,202289.9844,0.72263652,0.25829033,109.63,1.102
136.8871288,204593.5418,0.730332574,0.256413185,109.63,1.102
102.1039733,202232.281,0.750211567,0.296893335,109.63,1.102
148.8310779,199316.6801,0.730751638,0.245909159,109.63,1.102
124.717838,211559.3195,0.74470426,0.268632172,109.63,1.102
120.7454735,197035.7122,0.712846538,0.27301503,109.63,1.102
140.9903778,196845.3426,0.709392757,0.25265399,109.63,1.102
148.9628376,199808.015,0.722942515,0.245800093,109.63,1.102
131.8644769,205811.4614,0.74270992,0.26125119,109.63,1.102
142.5320446,192671.9251,0.705591226,0.251284143,109.63,1.151
137.5974231,203204.785,0.718893623,0.255750708,109.63,1.151
131.7770788,199441.9817,0.715383327,0.261337654,109.63,1.151
131.9013452,208445.7352,0.730405734,0.261214704,109.63,1.151
148.5622644,196801.6226,0.701137953,0.246131786,109.63,1.151
144.7004077,194727.2425,0.716073351,0.249394569,109.63,1.151
141.535322,204199.3178,0.728980167,0.252167794,109.63,1.151
144.5347113,198306.5534,0.708159195,0.249537335,109.63,1.151
134.5214153,198825.22,0.712115404,0.258657965,109.63,1.151
143.286876,193537.4455,0.710862286,0.250621596,109.63,1.151
143.1682733,202437.5368,0.72629833,0.250725499,109.63,1.151
144.9932657,193832.0511,0.715399333,0.249142483,109.63,1.151
142.5332472,195846.2009,0.712796159,0.251283347,109.63,1.151
148.1070573,193411.3853,0.70527135,0.246509256,109.63,1.151
141.9186998,197630.6588,0.719372992,0.251826999,109.63,1.151
152.0960297,191332.155,0.71294307,0.243255341,109.63,1.151
145.6778402,197545.2421,0.718697336,0.2485563,109.63,1.151
149.9777419,190638.6518,0.714485784,0.244967332,109.63,1.151
151.7664063,202154.401,0.711660482,0.243519549,109.63,1.151
151.1806826,194781.6112,0.700607363,0.243990669,109.63,1.151
144.9356219,198374.7059,0.715185766,0.24919258,109.63,1.151
140.8532661,201374.3425,0.712828429,0.252777395,109.63,1.151
146.3040037,206178.09,0.718131275,0.248023717,109.63,1.151
140.4643604,193635.9702,0.708882146,0.253126753,109.63,1.151
109.4511436,197077.4894,0.706188635,0.286755477,109.63,1.151
109.8774526,200722.8624,0.72698068,0.286198514,109.63,1.151
148.5609062,199061.266,0.719700395,0.246132963,109.63,1.151
138.9187226,194838.8098,0.717144416,0.25453173,109.63,1.151
147.7475274,192637.3673,0.711239938,0.246809423,109.63,1.151
147.5695461,199251.9682,0.717766927,0.246958364,109.63,1.151
145.4371666,191448.9808,0.69690796,0.248761595,109.63,1.151
133.7659353,199987.2814,0.720457735,0.259387444,109.63,1.151
159.5682456,193637.0124,0.705099022,0.237491686,109.63,1.151
147.4890778,195901.8302,0.705514472,0.247025316,109.63,1.151
144.6725999,201245.7172,0.716195806,0.249418278,109.63,1.151
142.5127384,196861.3356,0.716685694,0.251301434,109.63,1.151
145.3927621,197989.7561,0.71961945,0.248800108,109.63,1.151
141.6388838,199000.2592,0.720116072,0.252075403,109.63,1.151
140.0442412,201015.8938,0.728314249,0.253506937,109.63,1.151
142.8295716,206439.3308,0.721723018,0.251022558,109.63,1.151
141.6082555,197130.9381,0.713807031,0.252102484,109.63,1.151
155.7981401,190987.5261,0.696293182,0.240347882,109.63,1.151
141.6075299,196577.2115,0.711828217,0.252103365,109.63,1.151
145.7827708,195532.8793,0.726045917,0.248467003,109.63,1.151
153.794082,196269.7509,0.699901597,0.241908737,109.63,1.151
5.690346571,201935.7095,0.753165839,1.25762822,109.63,1.151
148.1148334,192978.0446,0.701680061,0.246502993,109.63,1.151
151.660314,193230.3328,0.703026019,0.243604455,109.63,1.151
140.2633223,196896.9327,0.708199319,0.253308179,109.63,1.151
153.1833201,199383.397,0.722193742,0.242390609,109.63,1.151
158.6767141,187628.8387,0.696235967,0.238157576,109.63,1.151
147.9147621,196522.12,0.707433403,0.246669909,109.63,1.151
129.5533427,199460.4008,0.732357722,0.263571153,109.63,1.151
138.8364585,197558.0048,0.712611465,0.254606789,109.63,1.151
148.4745709,197536.0859,0.698946659,0.246203915,109.63,1.151
143.1639023,197093.3718,0.710007891,0.25072918,109.63,1.151
169.8178019,189790.9733,0.697178945,0.230213188,109.63,1.151
3.22934006,188567.9297,0.722992908,1.669413514,109.63,1.151
138.2216258,198441.2348,0.714530889,0.255172876,109.63,1.151
139.2813068,193609.4815,0.706310337,0.254200343,109.63,1.151
151.2936794,198028.9833,0.715291381,0.243899396,109.63,1.151
151.3418419,200233.6361,0.716705494,0.243860849,109.63,1.151
148.6286184,194313.2281,0.715482808,0.246076604,109.63,1.151
153.4935932,196378.2533,0.709440679,0.242146057,109.63,1.151
153.6475827,195006.4117,0.710424325,0.242024378,109.63,1.151
149.6845376,198749.5688,0.698593471,0.245207438,109.63,1.151
147.070637,190499.1827,0.709976355,0.247376575,109.63,1.151
137.5334827,201846.7243,0.720340091,0.255809912,109.63,1.151
130.4285172,213501.2459,0.734333843,0.262685037,109.63,1.151
138.2291097,202315.17,0.719131082,0.255165462,109.63,1.151
138.4275842,196551.3231,0.725452624,0.254982477,109.63,1.151
152.9583354,197179.841,0.710672488,0.242568558,109.63,1.151
136.1546733,200564.6369,0.723565298,0.25710232,109.63,1.151
136.4695433,201233.197,0.722585174,0.25680504,109.63,1.151
144.4637339,193926.8303,0.727477145,0.249598651,109.63,1.151
129.7911698,206615.8678,0.737216355,0.263329256,109.63,1.151
149.8628147,196964.1613,0.707716481,0.245061008,109.63,1.151
139.0581847,199318.8736,0.724949765,0.254403624,109.63,1.151
139.798037,194274.4456,0.714086107,0.253729765,109.63,1.151
142.7067002,194036.7384,0.706802519,0.251130664,109.63,1.151
154.6706072,188927.3283,0.693596926,0.241222837,109.63,1.151
143.6188894,196114.0874,0.708772255,0.250331516,109.63,1.151
145.2426659,194845.3786,0.7025923,0.248927987,109.63,1.151
138.981698,195209.9028,0.708787257,0.254473281,109.63,1.151
128.0781369,199770.1735,0.720864387,0.265084676,109.63,1.151
139.4238753,208554.455,0.742050847,0.254069699,109.63,1.151
156.7789874,193894.2234,0.70156203,0.239595699,109.63,1.151
136.602122,198262.8239,0.725112031,0.25668035,109.63,1.151
137.477753,196141.231,0.728295937,0.255861487,109.63,1.151
147.4236915,196489.6646,0.710658176,0.247080273,109.63,1.151
144.0185347,198835.1547,0.717100707,0.249983843,109.63,1.151
154.3557153,196578.7785,0.704793965,0.241468988,109.63,1.151
122.0561595,200395.4255,0.733478549,0.2715444,109.63,1.151
134.442407,203124.1209,0.728802581,0.25873433,109.63,1.151
125.670848,204705.2599,0.725622405,0.267611384,109.63,1.151
140.439943,201775.4934,0.739633206,0.253148874,109.63,1.151
151.4798381,198748.4536,0.714355695,0.243749728,109.63,1.151
143.7523488,199151.3073,0.71212662,0.250215552,109.63,1.151
155.4604685,193422.198,0.701935622,0.240609225,109.63,1.151
152.6131757,195242.2646,0.709537247,0.242842903,109.63,1.151
148.2476877,199407.5989,0.720580694,0.246392837,109.63,1.151
156.1582435,194544.1713,0.698777492,0.240071043,109.63,1.151
150.9242716,196906.2934,0.706910385,0.244198286,109.63,1.151
146.0378528,193810.7243,0.715093405,0.248249306,109.63,1.151
135.6443171,193084.4245,0.724508632,0.257585406,109.63,1.151
139.9788814,197062.056,0.712168031,0.253565729,109.63,1.151
155.6396041,194135.4962,0.70452869,0.240470488,109.63,1.151
151.2627346,197396.7923,0.714319145,0.243924737,109.63,1.151
138.2320167,193812.7188,0.70415115,0.255162458,109.63,1.151
157.8895673,197462.9489,0.704047673,0.238750858,109.63,1.151
148.8727386,191936.5899,0.716703758,0.245874661,109.63,1.151
149.2201356,204690.1982,0.72437706,0.245588985,109.63,1.151
139.5762709,198811.72,0.718868906,0.253931337,109.63,1.151
144.9925043,198643.2342,0.708597553,0.249143015,109.63,1.151
146.0693947,195810.9725,0.712440627,0.248223144,109.63,1.151
151.254709,199149.7138,0.716797027,0.243930827,109.63,1.151
145.8937636,198743.5885,0.724549758,0.248372513,109.63,1.151
153.6894451,197054.7796,0.700625364,0.241991499,109.63,1.151
157.0572771,196986.3902,0.704342782,0.239382847,109.63,1.151
151.4919404,197780.4834,0.721741242,0.243739986,109.63,1.151
104.0294701,194953.0916,0.726869036,0.294132937,109.63,1.151
152.2750001,200006.0043,0.70130638,0.243112354,109.63,1.151
149.2097948,199002.8979,0.706905131,0.245597243,109.63,1.151
155.3772123,193153.8848,0.715192767,0.24067325,109.63,1.151
135.6723059,210204.5122,0.742190609,0.257559112,109.63,1.151
162.1341828,193202.6629,0.706814188,0.23560529,109.63,1.151
142.1062495,205174.7125,0.718537457,0.251661361,109.63,1.151
157.5438146,196821.1841,0.697343397,0.239012427,109.63,1.151
152.7070013,196290.3499,0.70060909,0.242768763,109.63,1.151
153.8033593,198705.6199,0.711979609,0.241901708,109.63,1.151
146.865608,197258.9301,0.705585714,0.247548561,109.63,1.151
144.8218767,201012.576,0.718852643,0.249289907,109.63,1.151
140.8445644,195381.9539,0.709406142,0.252785221,109.63,1.151
143.1155467,191399.1308,0.714466907,0.250771528,109.63,1.151
139.8015381,196792.1763,0.721541606,0.253726763,109.63,1.151
145.6792187,195725.512,0.714082856,0.248555264,109.63,1.151
150.2725083,197530.5486,0.717062045,0.244727422,109.63,1.151
145.2877533,197510.3707,0.719175751,0.2488899,109.63,1.151
146.3686526,198695.4318,0.720915337,0.247969442,109.63,1.151
145.1163596,203433.3566,0.712973647,0.249036794,109.63,1.151
154.1580126,194100.0184,0.704081317,0.241623632,109.63,1.151
170.5187195,200166.8373,0.703974866,0.229739023,109.63,1.151
144.4337995,198720.3519,0.720916905,0.24962485,109.63,1.151
173.6959971,191652.9894,0.693727818,0.227628541,109.63,1.151
